{"cameraMode":{"drawMode":0,"name":"Shaded","section":"Shading Mode"},"sceneLighting":false,"audioPlay":false,"sceneViewState":{"m_AlwaysRefresh":false,"showFog":true,"showSkybox":false,"showFlares":true,"showImageEffects":true,"showParticleSystems":true,"showVisualEffectGraphs":true,"m_FxEnabled":true},"in2DMode":false,"pivot":{"x":-8.940696716308594e-8,"y":0.7510263919830322,"z":14.885892868041993},"rotation":{"x":-0.15557999908924104,"y":0.16277387738227845,"z":-0.02599993720650673,"w":-0.9739768505096436},"size":2.044999361038208,"orthographic":true}