{"cameraMode":{"drawMode":0,"name":"Shaded","section":"Shading Mode"},"sceneLighting":false,"audioPlay":false,"sceneViewState":{"m_AlwaysRefresh":false,"showFog":true,"showSkybox":false,"showFlares":true,"showImageEffects":true,"showParticleSystems":true,"showVisualEffectGraphs":true,"m_FxEnabled":true},"in2DMode":false,"pivot":{"x":8.940696716308594e-8,"y":0.7735258340835571,"z":0.11410698294639588},"rotation":{"x":0.45241984724998476,"y":-0.00829384010285139,"z":0.0042065661400556568,"w":0.891758918762207},"size":1.2460352182388306,"orthographic":false}