{"cameraMode":{"drawMode":0,"name":"Shaded","section":"Shading Mode"},"sceneLighting":false,"audioPlay":false,"sceneViewState":{"m_AlwaysRefresh":false,"showFog":true,"showSkybox":false,"showFlares":true,"showImageEffects":true,"showParticleSystems":true,"showVisualEffectGraphs":true,"m_FxEnabled":true},"in2DMode":false,"pivot":{"x":-9.984033584594727,"y":1.0382548570632935,"z":14.814526557922364},"rotation":{"x":-0.13541066646575929,"y":-0.09792887419462204,"z":0.013449846766889096,"w":-0.9858475923538208},"size":2.376734495162964,"orthographic":true}